Travelers ID,Traveler name,Traveler age,Traveler gender,Traveler nationality
1,John Smith,35,Male,American
2,Jane Doe,28,Female,Canadian
3,David Lee,45,Male,Korean
4,Sarah Johnson,29,Female,British
5,Kim Nguyen,26,Female,Vietnamese
6,Michael Brown,42,Male,American
7,Emily Davis,33,Female,Australian
8,Lucas Santos,25,Male,Brazilian
9,Laura Janssen,31,Female,Dutch
10,Mohammed Ali,39,Male,Emirati
11,Ana Hernandez,27,Female,Mexican
12,Carlos Garcia,36,Male,Spanish
13,Lily Wong,29,Female,Chinese
14,Hans Mueller,48,Male,German
15,Fatima Khouri,26,Female,Moroccan
16,James MacKenzie,32,Male,Scottish
17,Sarah Johnson,30,Female,American
18,Michael Chang,28,Male,Chinese
19,Olivia Rodriguez,35,Female,British
20,Kenji Nakamura,45,Male,Japanese
21,Emily Lee,27,Female,American
22,James Wilson,32,Male,Australian
23,Sofia Russo,29,Female,Italian
24,Raj Patel,40,Male,Indian
25,Lily Nguyen,24,Female,Vietnamese
26,David Kim,34,Male,Korean
27,Maria Garcia,31,Female,Spanish
28,Alice Smith,30,Female,American
29,Bob Johnson,45,Male,Canadian
30,Charlie Lee,25,Male,Korean
31,Emma Davis,28,Female,British
32,Olivia Martin,33,Female,Australian
33,Harry Wilson,20,Male,American
34,Sophia Lee,37,Female,Canadian
35,James Brown,42,Male,British
36,Mia Johnson,31,Female,American
37,William Davis,27,Male,Korean
38,Amelia Brown,38,Female,Australian
39,Mia Johnson,25,Female,American
40,Adam Lee,33,Male,Canadian
41,Sarah Wong,28,Female,Chinese
42,John Smith,45,Male,American
43,Maria Silva,30,Female,Brazilian
44,Peter Brown,55,Male,British
45,Emma Garcia,27,Female,Spanish
46,Michael Davis,41,Male,American
47,Nina Patel,29,Female,Indian
48,Kevin Kim,24,Male,Korean
49,Laura van den Berg,31,Female,Dutch
50,Jennifer Nguyen,31,Female,Canadian
51,David Kim,25,Male,American
52,Rachel Lee,27,Female,South Korean
53,Jessica Wong,28,Female,Canadian
54,Felipe Almeida,30,Male,Brazilian
55,Nisa Patel,23,Female,Indian
56,Ben Smith,35,Male,British
57,Laura Gomez,29,Female,Spanish
58,Park Min Woo,27,Male,South Korean
59,Michael Chen,26,Male,Chinese
60,Sofia Rossi,33,Female,Italian
61,Rachel Sanders,35,Female,American
62,Kenji Nakamura,28,Male,Japanese
63,Emily Watson,29,Female,British
64,David Lee,43,Male,Australian
65,Ana Rodriguez,31,Female,Spanish
66,Tom Wilson,27,Male,American
67,Olivia Green,39,Female,French
68,James Chen,25,Male,American
69,Lila Patel,33,Female,Indian
70,Marco Rossi,41,Male,Italian
71,Sarah Brown,37,Female,British
73,Sarah Lee,35,Female,South Korean
74,Alex Kim,29,Male,American
75,Maria Hernandez,42,Female,Mexican
76,John Smith,46,Male,British
77,Mark Johnson,31,Male,South African
78,Amanda Chen,25,Female,Taiwanese
79,David Lee,38,Male,Australian
80,Nana Kwon,27,Female,Korean
81,Tom Hanks,60,Male,American
82,Emma Watson,32,Female,British
83,James Kim,41,Male,American
84,John Smith,35,Male,American
85,Sarah Lee,28,Female,Korean
86,Maria Garcia,42,Female,Spanish
87,David Lee,45,Male,Australian
88,Emily Davis,31,Female,American
89,James Wilson,29,Male,British
90,Fatima Ahmed,24,Female,Emirati
91,Liam Nguyen,26,Male,Vietnamese
92,Giulia Rossi,30,Female,Italian
93,Putra Wijaya,33,Male,Indonesian
94,Kim Min-ji,27,Female,Korean
95,John Smith,35,Male,USA
96,Emily Johnson,28,Female,Canada
97,David Lee,45,Male,South Korea
98,Sarah Brown,37,Female,UK
99,Michael Wong,50,Male,China
100,Jessica Chen,31,Female,Taiwan
101,Ken Tanaka,42,Male,Japan
102,Maria Garcia,27,Female,Spain
103,Rodrigo Oliveira,33,Male,Brazil
104,Olivia Kim,29,Female,South Korea
105,Robert Mueller,41,Male,Germany
106,John Smith,35,Male,USA
107,Sarah Lee,28,Female,South Korea
108,Michael Wong,42,Male,Hong Kong
109,Lisa Chen,30,Female,Taiwan
110,David Kim,26,Male,Canada
111,Emily Wong,38,Female,United Kingdom
112,Mark Tan,45,Male,Singapore
113,Emma Lee,31,Female,Italy
114,George Chen,27,Male,Greece
115,Sophia Kim,29,Female,United Arab Emirates
116,Alex Ng,33,Male,Cambodia
117,Alice Smith,32,Female,American
118,Bob Johnson,47,Male,Canadian
119,Cindy Chen,26,Female,Chinese
120,David Lee,38,Male,Korean
121,Emily Kim,29,Female,Korean
122,Frank Li,41,Male,American
123,Gina Lee,35,Female,Korean
124,Henry Kim,24,Male,Korean
125,Isabella Chen,30,Female,Chinese
126,Jack Smith,28,Male,American
127,Katie Johnson,33,Female,Canadian
129,John Doe,35,Male,American
130,Jane Smith,28,Female,British
131,Michael Johnson,45,Male,South African
132,Sarah Lee,31,Female,Australian
133,David Kim,42,Male,Korean
134,Emily Davis,27,Female,American
135,Jose Perez,37,Male,Brazilian
136,Emma Wilson,29,Female,Canadian
137,Ryan Chen,34,Male,Chinese
138,Sofia Rodriguez,25,Female,Spanish
139,William Brown,39,Male,New Zealander
